{
	"format_version": "1.8.0",
	"animations": {
		"idle": {
			"loop": true,
			"animation_length": 0.5,
			"bones": {
				"neck": {
					"rotation": {
						"0.0": {
							"vector": [5, 0, 0]
						},
						"0.25": {
							"vector": [0, 0, 0]
						},
						"0.5": {
							"vector": [5, 0, 0]
						}
					}
				},
				"tail": {
					"rotation": {
						"0.0": [18.04053, -0.92576, 1.38309],
						"0.0417": [8.95373, -0.06913, 0.12343],
						"0.0833": [1.93195, -0.00027, 0.00055],
						"0.125": [0.11242, 0, 0],
						"0.1667": [0.59578, 0, 0],
						"0.2083": [4.65096, 0.00538, -0.01052],
						"0.25": [12.43036, 0.23413, -0.38981],
						"0.2917": [4.65096, 0.00538, -0.01052],
						"0.3333": [0.59578, 0, 0],
						"0.375": [0.11242, 0, 0],
						"0.4167": [1.93195, -0.00027, 0.00055],
						"0.4583": [8.95373, -0.06913, 0.12343],
						"0.5": [18.04053, -0.92576, 1.38309]
					}
				},
				"tail2": {
					"rotation": {
						"0.0": [-11.15044, -1.16167, 1.41297],
						"0.0417": [-6.55127, -0.25358, 0.28436],
						"0.0833": [-2.04094, -0.00396, 0.0041],
						"0.125": [-0.1535, 0, 0],
						"0.1667": [-0.75277, 0.00003, -0.00003],
						"0.2083": [-4.10193, 0.04171, -0.04481],
						"0.25": [-8.33895, 0.55097, -0.63761],
						"0.2917": [-4.10193, 0.04171, -0.04481],
						"0.3333": [-0.75277, 0.00003, -0.00003],
						"0.375": [-0.1535, 0, 0],
						"0.4167": [-2.04094, -0.00396, 0.0041],
						"0.4583": [-6.55127, -0.25358, 0.28436],
						"0.5": [-11.15044, -1.16167, 1.41297]
					}
				},
				"tail3": {
					"rotation": {
						"0.0": [-1.21153, -3.16926, 2.028],
						"0.0417": [3.43186, -1.01505, 0.59291],
						"0.0833": [2.72482, -0.03737, 0.02214],
						"0.125": [0.25507, 0, 0],
						"0.1667": [1.18808, 0.00095, -0.00058],
						"0.2083": [4.11522, 0.25106, -0.14464],
						"0.25": [1.9223, 1.83257, -1.1031],
						"0.2917": [4.11522, 0.25106, -0.14464],
						"0.3333": [1.18808, 0.00095, -0.00058],
						"0.375": [0.25507, 0, 0],
						"0.4167": [2.72482, -0.03737, 0.02214],
						"0.4583": [3.43186, -1.01505, 0.59291],
						"0.5": [-1.21153, -3.16926, 2.028]
					}
				},
				"tail4": {
					"rotation": {
						"0.0": [-20.87974, -6.68263, 1.23265],
						"0.0417": [-14.89685, -3.26251, 0.42664],
						"0.0833": [-5.19708, -0.29333, 0.01331],
						"0.125": [-0.38869, -0.00037, 0],
						"0.1667": [-1.91903, 0.02139, -0.00036],
						"0.2083": [-10.16867, 1.22139, -0.10867],
						"0.25": [-17.53953, 4.83162, -0.7458],
						"0.2917": [-10.16867, 1.22139, -0.10867],
						"0.3333": [-1.91903, 0.02139, -0.00036],
						"0.375": [-0.38869, -0.00037, 0],
						"0.4167": [-5.19708, -0.29333, 0.01331],
						"0.4583": [-14.89685, -3.26251, 0.42664],
						"0.5": [-20.87974, -6.68263, 1.23265]
					}
				},
				"tail5": {
					"rotation": {
						"0.0": [5.71744, -10.61887, -0.53178],
						"0.0417": [4.93786, -9.07561, -0.39214],
						"0.0833": [1.74428, -2.43074, -0.03701],
						"0.125": [0.12753, -0.04594, -0.00005],
						"0.1667": [0.63405, 0.51739, 0.00286],
						"0.2083": [3.44522, 5.62494, 0.1693],
						"0.25": [5.52098, 10.3807, 0.5019],
						"0.2917": [3.44522, 5.62494, 0.1693],
						"0.3333": [0.63405, 0.51739, 0.00286],
						"0.375": [0.12753, -0.04594, -0.00005],
						"0.4167": [1.74428, -2.43074, -0.03701],
						"0.4583": [4.93786, -9.07561, -0.39214],
						"0.5": [5.71744, -10.61887, -0.53178]
					}
				},
				"tail6": {
					"rotation": {
						"0.0": [7.48726, -12.03525, 0.54781],
						"0.0417": [4.7317, -17.80743, 1.24721],
						"0.0833": [1.3971, -19.49907, 1.94483],
						"0.125": [0.66351, -5.58916, 0.58874],
						"0.1667": [0.83157, 12.27681, -1.27881],
						"0.2083": [2.87115, 19.4875, -1.68844],
						"0.25": [5.94505, 15.55358, -0.92089],
						"0.2917": [2.87115, 19.4875, -1.68844],
						"0.3333": [0.83157, 12.27681, -1.27881],
						"0.375": [0.66351, -5.58916, 0.58874],
						"0.4167": [1.3971, -19.49907, 1.94483],
						"0.4583": [4.7317, -17.80743, 1.24721],
						"0.5": [7.48726, -12.03525, 0.54781]
					}
				}
			}
		},
		"breath": {
			"animation_length": 2,
			"bones": {
				"neck": {
					"rotation": {
						"0.0": {
							"vector": [0, 0, 0]
						},
						"0.25": {
							"vector": [32.5, 0, 0]
						},
						"1.0": {
							"vector": [28.72, 0, 0]
						},
						"1.9583": {
							"vector": [12.5, 0, 0]
						},
						"2.0": {
							"vector": [0, 0, 0]
						}
					}
				},
				"head": {
					"rotation": {
						"0.0": {
							"vector": [-40, 0, 0]
						},
						"0.25": {
							"vector": [-10, 0, 0]
						},
						"1.0": {
							"vector": [-16.43, 0, 0]
						},
						"2.0": {
							"vector": [-7.5, 0, 0]
						}
					}
				},
				"lowerjaw": {
					"rotation": {
						"0.0": {
							"vector": [45, 0, 0]
						},
						"0.25": {
							"vector": [65, 0, 0]
						},
						"1.0": {
							"vector": [61.79, 0, 0]
						},
						"2.0": {
							"vector": [5, 0, 0]
						}
					}
				}
			}
		},
		"walk": {
			"loop": true,
			"animation_length": 0.5,
			"bones": {
				"leg": {
					"rotation": {
						"0.0": {
							"vector": [32.5, 0, 0]
						},
						"0.25": {
							"vector": [-22.5, 0, 0]
						},
						"0.5": {
							"vector": [32.5, 0, 0]
						}
					}
				},
				"leg2": {
					"rotation": {
						"0.0": {
							"vector": [-22.5, 0, 0]
						},
						"0.25": {
							"vector": [32.5, 0, 0]
						},
						"0.5": {
							"vector": [-22.5, 0, 0]
						}
					}
				}
			}
		},
		"roar": {
			"animation_length": 1,
			"bones": {
				"neck": {
					"rotation": {
						"0.0": {
							"vector": [15, 0, 0]
						},
						"0.25": {
							"vector": [-12.5, 0, 0]
						},
						"0.375": {
							"vector": [0, 0, 12.5]
						},
						"0.5": {
							"vector": [0, 0, -12.5]
						},
						"0.75": {
							"vector": [20, 0, 0]
						},
						"1.0": {
							"vector": [27.16195, -12.38185, 1.5898]
						}
					}
				},
				"head": {
					"rotation": {
						"0.0": {
							"vector": [27.5, 0, 0]
						},
						"0.25": {
							"vector": [-37.5, 0, 0]
						},
						"1.0": {
							"vector": [-7.5, 0, 0]
						}
					}
				},
				"lowerjaw": {
					"rotation": {
						"0.0": {
							"vector": [12.5, 0, 0]
						},
						"0.25": {
							"vector": [55, 0, 0]
						},
						"1.0": {
							"vector": [12.5, 0, 0]
						}
					}
				}
			}
		}
	},
	"geckolib_format_version": 2
}